<?xml version="1.0" encoding="utf-8" standalone="yes"?>
<rss version="2.0" xmlns:atom="http://www.w3.org/2005/Atom">
  <channel>
    <title>Tutorials on JIPipe for ImageJ</title>
    <link>/tutorials.html</link>
    <description>Recent content in Tutorials on JIPipe for ImageJ</description>
    <generator>Hugo -- gohugo.io</generator>
    <language>en-us</language>
    
	<atom:link href="/tutorials/index.xml" rel="self" type="application/rss+xml" />
    
    
    <item>
      <title>Image analysis pipeline</title>
      <link>/tutorials/analysis.html</link>
      <pubDate>Mon, 01 Jan 0001 00:00:00 +0000</pubDate>
      
      <guid>/tutorials/analysis.html</guid>
      <description>This tutorial is also available as video.   1. First start On starting JIPipe, you will see such a screen: It contains a short introduction, the graph compartment editor, an three pre-defined graph compartments Preprocessing, Analysis, and Postprocessing. As described in the graph compartment documentation, you can ignore graph graph compartments. But in this tutorial we will make use of its capabilities to clearly separate the pipeline into the mentioned tree steps.</description>
    </item>
    
    <item>
      <title>Image analysis pipeline (Video)</title>
      <link>/tutorials/analysis_video.html</link>
      <pubDate>Mon, 01 Jan 0001 00:00:00 +0000</pubDate>
      
      <guid>/tutorials/analysis_video.html</guid>
      <description> This tutorial is also available as text tutorial.   </description>
    </item>
    
    <item>
      <title>Creating an extension</title>
      <link>/tutorials/extension.html</link>
      <pubDate>Mon, 01 Jan 0001 00:00:00 +0000</pubDate>
      
      <guid>/tutorials/extension.html</guid>
      <description>1. Existing pipeline In this tutorial, we will create a custom algorithm extension based on parts of the pipeline created in the other tutorial. Please open the project file for the pipeline and navigate to the Preprocessing tab.    2. Selecting the algorithms Please select the following algorithms (you can either do this by holding the Shift keyboard button and clicking the nodes or dragging a selection around the nodes):  Folder list Path to annotation List files Import image  After selecting the algorithms, right-click a selected node and click Export.</description>
    </item>
    
  </channel>
</rss>