{
  "nodes" : {
    "analysis-visualize-images" : {
      "jipipe:slot-configuration" : {
        "input" : {
          "Input" : {
            "slot-data-type" : "imagej-imgplus",
            "slot-type" : "Input",
            "inherited-slot" : null,
            "name" : "Input",
            "custom-name" : null,
            "inheritance-conversions" : { }
          }
        },
        "output" : {
          "Output" : {
            "slot-data-type" : "imagej-imgplus-2d",
            "slot-type" : "Output",
            "inherited-slot" : null,
            "name" : "Output",
            "custom-name" : null,
            "inheritance-conversions" : { }
          }
        }
      },
      "jipipe:ui-grid-location" : {
        "DEFAULT" : {
          "Vertical" : {
            "x" : 30,
            "y" : 21
          }
        }
      },
      "jipipe:node-info-id" : "node-group",
      "jipipe:graph-compartment" : "DEFAULT",
      "jipipe:algorithm:save-outputs" : true,
      "jipipe:algorithm:enabled" : true,
      "exported-parameters" : {
        "parameter-reference-groups" : [ ]
      },
      "contents" : {
        "nodes" : {
          "mitochondria-make-images-equal-2d" : {
            "jipipe:slot-configuration" : {
              "input" : {
                "Input" : {
                  "slot-data-type" : "imagej-imgplus",
                  "slot-type" : "Input",
                  "inherited-slot" : null,
                  "name" : "Input",
                  "custom-name" : null,
                  "inheritance-conversions" : { }
                }
              },
              "output" : {
                "Output" : {
                  "slot-data-type" : "imagej-imgplus",
                  "slot-type" : "Output",
                  "inherited-slot" : "Input",
                  "name" : "Output",
                  "custom-name" : null,
                  "inheritance-conversions" : { }
                }
              }
            },
            "jipipe:ui-grid-location" : {
              "DEFAULT" : {
                "Vertical" : {
                  "x" : 4,
                  "y" : 9
                }
              }
            },
            "jipipe:node-info-id" : "ij1-transform-equalize-expand2d",
            "jipipe:graph-compartment" : "DEFAULT",
            "background-color" : "#000000",
            "jipipe:algorithm:save-outputs" : true,
            "jipipe:algorithm:enabled" : true,
            "jipipe:parallelization:enabled" : true,
            "anchor" : "CenterCenter",
            "y-axis" : {
              "exact-value" : 0,
              "factor" : 1.0,
              "use-exact-value" : false
            },
            "x-axis" : {
              "exact-value" : 0,
              "factor" : 1.0,
              "use-exact-value" : false
            },
            "jipipe:algorithm:pass-through" : false,
            "jipipe:node:name" : "Make images equal 2D",
            "jipipe:node:description" : null,
            "jipipe:parameter-slot-algorithm/has-parameter-slot" : false,
            "jipipe:parameter-slot-algorithm/attach-parameter-annotations" : true,
            "jipipe:parameter-slot-algorithm/attach-only-non-default-parameter-annotations" : true,
            "jipipe:parameter-slot-algorithm/parameter-annotations-prefix" : "",
            "jipipe:parameter-slot-algorithm/parameter-annotations-use-internal-names" : false,
            "jipipe:data-batch-generation/column-matching" : "MergeAll",
            "jipipe:data-batch-generation/annotation-merge-strategy" : "Merge",
            "jipipe:data-batch-generation/skip-incomplete" : false,
            "jipipe:data-batch-generation/invert-custom-columns" : false,
            "jipipe:data-batch-generation/custom-matched-columns-predicates" : [ ]
          },
          "mitochondria-stack-to-montage-3" : {
            "jipipe:slot-configuration" : {
              "input" : {
                "Input" : {
                  "slot-data-type" : "imagej-imgplus",
                  "slot-type" : "Input",
                  "inherited-slot" : null,
                  "name" : "Input",
                  "custom-name" : null,
                  "inheritance-conversions" : { }
                }
              },
              "output" : {
                "Output" : {
                  "slot-data-type" : "imagej-imgplus-2d",
                  "slot-type" : "Output",
                  "inherited-slot" : "Input",
                  "name" : "Output",
                  "custom-name" : null,
                  "inheritance-conversions" : { }
                }
              }
            },
            "jipipe:ui-grid-location" : {
              "DEFAULT" : {
                "Vertical" : {
                  "x" : 4,
                  "y" : 5
                }
              }
            },
            "jipipe:node-info-id" : "ij1-dimensions-stack2montage",
            "jipipe:graph-compartment" : "DEFAULT",
            "first-index" : {
              "content" : 0,
              "enabled" : false
            },
            "jipipe:algorithm:enabled" : true,
            "draw-labels" : false,
            "jipipe:parallelization:enabled" : true,
            "columns" : {
              "content" : 0,
              "enabled" : false
            },
            "index-increment" : 1,
            "scale" : 1.0,
            "font-size" : 12,
            "jipipe:algorithm:pass-through" : false,
            "rows" : {
              "content" : 0,
              "enabled" : false
            },
            "jipipe:node:name" : "Stack to montage",
            "jipipe:node:description" : null,
            "background-color" : "#000000",
            "jipipe:algorithm:save-outputs" : true,
            "foreground-color" : "#FFFFFF",
            "last-index" : {
              "content" : 0,
              "enabled" : false
            },
            "border-width" : 0,
            "jipipe:parameter-slot-algorithm/has-parameter-slot" : false,
            "jipipe:parameter-slot-algorithm/attach-parameter-annotations" : true,
            "jipipe:parameter-slot-algorithm/attach-only-non-default-parameter-annotations" : true,
            "jipipe:parameter-slot-algorithm/parameter-annotations-prefix" : "",
            "jipipe:parameter-slot-algorithm/parameter-annotations-use-internal-names" : false,
            "jipipe:data-batch-generation/column-matching" : "PrefixHashIntersection",
            "jipipe:data-batch-generation/annotation-merge-strategy" : "Merge",
            "jipipe:data-batch-generation/skip-incomplete" : false,
            "jipipe:data-batch-generation/invert-custom-columns" : false,
            "jipipe:data-batch-generation/custom-matched-columns-predicates" : [ ]
          },
          "mitochondria-stack-to-montage-4" : {
            "jipipe:slot-configuration" : {
              "input" : {
                "Input" : {
                  "slot-data-type" : "imagej-imgplus",
                  "slot-type" : "Input",
                  "inherited-slot" : null,
                  "name" : "Input",
                  "custom-name" : null,
                  "inheritance-conversions" : { }
                }
              },
              "output" : {
                "Output" : {
                  "slot-data-type" : "imagej-imgplus-2d",
                  "slot-type" : "Output",
                  "inherited-slot" : "Input",
                  "name" : "Output",
                  "custom-name" : null,
                  "inheritance-conversions" : { }
                }
              }
            },
            "jipipe:ui-grid-location" : {
              "DEFAULT" : {
                "Vertical" : {
                  "x" : 4,
                  "y" : 17
                }
              }
            },
            "jipipe:node-info-id" : "ij1-dimensions-stack2montage",
            "jipipe:graph-compartment" : "DEFAULT",
            "first-index" : {
              "content" : 0,
              "enabled" : false
            },
            "jipipe:algorithm:enabled" : true,
            "draw-labels" : true,
            "jipipe:parallelization:enabled" : true,
            "columns" : {
              "content" : 3,
              "enabled" : true
            },
            "index-increment" : 1,
            "scale" : 1.0,
            "font-size" : 12,
            "jipipe:algorithm:pass-through" : false,
            "rows" : {
              "content" : 0,
              "enabled" : false
            },
            "jipipe:node:name" : "Stack to montage",
            "jipipe:node:description" : null,
            "background-color" : "#000000",
            "jipipe:algorithm:save-outputs" : true,
            "foreground-color" : "#FFFFFF",
            "last-index" : {
              "content" : 0,
              "enabled" : false
            },
            "border-width" : 0,
            "jipipe:parameter-slot-algorithm/has-parameter-slot" : false,
            "jipipe:parameter-slot-algorithm/attach-parameter-annotations" : true,
            "jipipe:parameter-slot-algorithm/attach-only-non-default-parameter-annotations" : true,
            "jipipe:parameter-slot-algorithm/parameter-annotations-prefix" : "",
            "jipipe:parameter-slot-algorithm/parameter-annotations-use-internal-names" : false,
            "jipipe:data-batch-generation/column-matching" : "PrefixHashIntersection",
            "jipipe:data-batch-generation/annotation-merge-strategy" : "Merge",
            "jipipe:data-batch-generation/skip-incomplete" : false,
            "jipipe:data-batch-generation/invert-custom-columns" : false,
            "jipipe:data-batch-generation/custom-matched-columns-predicates" : [ ]
          },
          "mitochondria-create-3d-stack" : {
            "jipipe:slot-configuration" : {
              "input" : {
                "Input" : {
                  "slot-data-type" : "imagej-imgplus-2d",
                  "slot-type" : "Input",
                  "inherited-slot" : null,
                  "name" : "Input",
                  "custom-name" : null,
                  "inheritance-conversions" : { }
                }
              },
              "output" : {
                "Output" : {
                  "slot-data-type" : "imagej-imgplus-3d",
                  "slot-type" : "Output",
                  "inherited-slot" : "Input",
                  "name" : "Output",
                  "custom-name" : null,
                  "inheritance-conversions" : {
                    "imagej-imgplus-2d-greyscale-16u" : "imagej-imgplus-3d-greyscale-16u",
                    "imagej-imgplus-5d-color-8u" : "imagej-imgplus-3d-color-8u",
                    "imagej-imgplus-greyscale-32f" : "imagej-imgplus-3d-greyscale-32f",
                    "imagej-imgplus-color" : "imagej-imgplus-3d-color",
                    "imagej-imgplus-2d-greyscale-8u" : "imagej-imgplus-3d-greyscale-8u",
                    "imagej-imgplus-4d-greyscale-16u" : "imagej-imgplus-3d-greyscale-16u",
                    "imagej-imgplus-2d-greyscale-32f" : "imagej-imgplus-3d-greyscale-32f",
                    "imagej-imgplus-greyscale-mask" : "imagej-imgplus-3d-greyscale-mask",
                    "imagej-imgplus-4d-greyscale-8u" : "imagej-imgplus-3d-greyscale-8u",
                    "imagej-imgplus-2d-greyscale-mask" : "imagej-imgplus-3d-greyscale-mask",
                    "imagej-imgplus-4d-greyscale-mask" : "imagej-imgplus-3d-greyscale-mask",
                    "imagej-imgplus-4d-greyscale" : "imagej-imgplus-3d-greyscale",
                    "imagej-imgplus-4d" : "imagej-imgplus-3d",
                    "imagej-imgplus-4d-greyscale-32f" : "imagej-imgplus-3d-greyscale-32f",
                    "imagej-imgplus-4d-color" : "imagej-imgplus-3d-color",
                    "imagej-imgplus-4d-color-rgb" : "imagej-imgplus-3d-color-rgb",
                    "imagej-imgplus-greyscale-16u" : "imagej-imgplus-3d-greyscale-16u",
                    "imagej-imgplus-greyscale" : "imagej-imgplus-3d-greyscale",
                    "imagej-imgplus-2d-color-rgb" : "imagej-imgplus-3d-color-rgb",
                    "imagej-imgplus-5d" : "imagej-imgplus-3d",
                    "imagej-imgplus-greyscale-8u" : "imagej-imgplus-3d-greyscale-8u",
                    "imagej-imgplus-2d-color-8u" : "imagej-imgplus-3d-color-8u",
                    "imagej-imgplus-5d-greyscale" : "imagej-imgplus-3d-greyscale",
                    "imagej-imgplus-5d-greyscale-mask" : "imagej-imgplus-3d-greyscale-mask",
                    "imagej-imgplus-color-8u" : "imagej-imgplus-3d-color-8u",
                    "imagej-imgplus-5d-color-rgb" : "imagej-imgplus-3d-color-rgb",
                    "imagej-imgplus-color-rgb" : "imagej-imgplus-3d-color-rgb",
                    "imagej-imgplus-2d-color" : "imagej-imgplus-3d-color",
                    "imagej-imgplus-5d-greyscale-8u" : "imagej-imgplus-3d-greyscale-8u",
                    "imagej-imgplus" : "imagej-imgplus-3d",
                    "imagej-imgplus-5d-color" : "imagej-imgplus-3d-color",
                    "imagej-imgplus-2d-greyscale" : "imagej-imgplus-3d-greyscale",
                    "imagej-imgplus-5d-greyscale-32f" : "imagej-imgplus-3d-greyscale-32f",
                    "imagej-imgplus-4d-color-8u" : "imagej-imgplus-3d-color-8u",
                    "imagej-imgplus-2d" : "imagej-imgplus-3d",
                    "imagej-imgplus-5d-greyscale-16u" : "imagej-imgplus-3d-greyscale-16u"
                  }
                }
              }
            },
            "jipipe:ui-grid-location" : {
              "DEFAULT" : {
                "Vertical" : {
                  "x" : 4,
                  "y" : 13
                }
              }
            },
            "jipipe:node-info-id" : "ij1-dimensions-stackmerger",
            "jipipe:graph-compartment" : "DEFAULT",
            "counter-annotation-type" : "Slice",
            "jipipe:algorithm:save-outputs" : true,
            "jipipe:algorithm:enabled" : true,
            "jipipe:parallelization:enabled" : true,
            "jipipe:algorithm:pass-through" : false,
            "jipipe:node:name" : "Create 3D stack",
            "jipipe:node:description" : null,
            "jipipe:parameter-slot-algorithm/has-parameter-slot" : false,
            "jipipe:parameter-slot-algorithm/attach-parameter-annotations" : true,
            "jipipe:parameter-slot-algorithm/attach-only-non-default-parameter-annotations" : true,
            "jipipe:parameter-slot-algorithm/parameter-annotations-prefix" : "",
            "jipipe:parameter-slot-algorithm/parameter-annotations-use-internal-names" : false,
            "jipipe:data-batch-generation/column-matching" : "PrefixHashIntersection",
            "jipipe:data-batch-generation/annotation-merge-strategy" : "Merge",
            "jipipe:data-batch-generation/skip-incomplete" : false,
            "jipipe:data-batch-generation/invert-custom-columns" : false,
            "jipipe:data-batch-generation/custom-matched-columns-predicates" : [ ]
          },
          "group-input" : {
            "jipipe:slot-configuration" : {
              "input" : {
                "Input" : {
                  "slot-data-type" : "imagej-imgplus",
                  "slot-type" : "Input",
                  "inherited-slot" : null,
                  "name" : "Input",
                  "custom-name" : null,
                  "inheritance-conversions" : { }
                }
              },
              "output" : {
                "Input" : {
                  "slot-data-type" : "imagej-imgplus",
                  "slot-type" : "Output",
                  "inherited-slot" : null,
                  "name" : "Input",
                  "custom-name" : null,
                  "inheritance-conversions" : { }
                }
              }
            },
            "jipipe:ui-grid-location" : {
              "DEFAULT" : {
                "Vertical" : {
                  "x" : 4,
                  "y" : 1
                }
              }
            },
            "jipipe:node-info-id" : "graph-wrapper:input",
            "jipipe:graph-compartment" : "DEFAULT",
            "jipipe:algorithm:save-outputs" : true,
            "jipipe:algorithm:enabled" : true,
            "jipipe:algorithm:pass-through" : false,
            "jipipe:node:name" : "Group input",
            "jipipe:node:description" : null
          },
          "group-output" : {
            "jipipe:slot-configuration" : {
              "input" : {
                "Output" : {
                  "slot-data-type" : "imagej-imgplus-2d",
                  "slot-type" : "Input",
                  "inherited-slot" : null,
                  "name" : "Output",
                  "custom-name" : null,
                  "inheritance-conversions" : { }
                }
              },
              "output" : {
                "Output" : {
                  "slot-data-type" : "imagej-imgplus-2d",
                  "slot-type" : "Output",
                  "inherited-slot" : null,
                  "name" : "Output",
                  "custom-name" : null,
                  "inheritance-conversions" : { }
                }
              }
            },
            "jipipe:ui-grid-location" : {
              "DEFAULT" : {
                "Vertical" : {
                  "x" : 4,
                  "y" : 21
                }
              }
            },
            "jipipe:node-info-id" : "graph-wrapper:output",
            "jipipe:graph-compartment" : "DEFAULT",
            "jipipe:algorithm:save-outputs" : true,
            "jipipe:algorithm:enabled" : true,
            "jipipe:algorithm:pass-through" : false,
            "jipipe:node:name" : "Group output",
            "jipipe:node:description" : null
          }
        },
        "edges" : [ {
          "source-node" : "mitochondria-create-3d-stack",
          "target-node" : "mitochondria-stack-to-montage-4",
          "source-slot" : "Output",
          "target-slot" : "Input",
          "metadata" : {
            "ui-hidden" : false
          }
        }, {
          "source-node" : "group-input",
          "target-node" : "mitochondria-stack-to-montage-3",
          "source-slot" : "Input",
          "target-slot" : "Input",
          "metadata" : {
            "ui-hidden" : false
          }
        }, {
          "source-node" : "mitochondria-stack-to-montage-4",
          "target-node" : "group-output",
          "source-slot" : "Output",
          "target-slot" : "Output",
          "metadata" : {
            "ui-hidden" : false
          }
        }, {
          "source-node" : "mitochondria-stack-to-montage-3",
          "target-node" : "mitochondria-make-images-equal-2d",
          "source-slot" : "Output",
          "target-slot" : "Input",
          "metadata" : {
            "ui-hidden" : false
          }
        }, {
          "source-node" : "mitochondria-make-images-equal-2d",
          "target-node" : "mitochondria-create-3d-stack",
          "source-slot" : "Output",
          "target-slot" : "Input",
          "metadata" : {
            "ui-hidden" : false
          }
        } ]
      },
      "jipipe:algorithm:pass-through" : false,
      "jipipe:node:name" : "Visualize images",
      "jipipe:node:description" : null
    }
  },
  "edges" : [ ]
} 
