<?xml version="1.0" encoding="utf-8" standalone="yes"?>
<rss version="2.0" xmlns:atom="http://www.w3.org/2005/Atom">
  <channel>
    <title>JSON API documentation on JIPipe for ImageJ</title>
    <link>/documentation-json-api.html</link>
    <description>Recent content in JSON API documentation on JIPipe for ImageJ</description>
    <generator>Hugo -- gohugo.io</generator>
    <language>en-us</language>
    
	<atom:link href="/documentation-json-api/index.xml" rel="self" type="application/rss+xml" />
    
    
    <item>
      <title>Algorithm node</title>
      <link>/documentation-json-api/graph-node.html</link>
      <pubDate>Mon, 01 Jan 0001 00:00:00 +0000</pubDate>
      
      <guid>/documentation-json-api/graph-node.html</guid>
      <description>This document describes the properties of the JSON API object. You also can access the document in JSON Schema format: algorithm-node.schema.json
 Node in a graph   jipipe:slot-configuration:  object   [object Object]      User-defined slots. Might be ignored depending on the algorithm. The keys are the slot names. See slot-definition        jipipe:algorithm-ui-location:  object   [object Object]     Locations of this node within the UI.</description>
    </item>
    
    <item>
      <title>Algorithm type</title>
      <link>/documentation-json-api/algorithm.html</link>
      <pubDate>Mon, 01 Jan 0001 00:00:00 +0000</pubDate>
      
      <guid>/documentation-json-api/algorithm.html</guid>
      <description>This document describes the properties of the JSON API object. You also can access the document in JSON Schema format: algorithm.schema.json
 Defines a new node type   id:  string       Unique algorithm ID   metadata:  See metadata        General algorithm metadata   category:  string   org.hkijena.jipipe:miscellaneous      The category   exported-parameters:  object   [object Object]     List of parameters that will be exported to users of the node   graph:  See graph        This graph is executed when the algorithm is run   menu-path:  string       Optional menu path within the category menu   jipipe:project-type:  string  , x ∈ { graph-wrapper-algorithm  (default) }       Identifies the JSON as algorithm      Example { &amp;#34;id&amp;#34; : &amp;#34;folder-list-tif&amp;#34;, &amp;#34;metadata&amp;#34; : { &amp;#34;name&amp;#34; : &amp;#34;List TIFF files&amp;#34;, &amp;#34;description&amp;#34; : &amp;#34;Lists all TIFF files in a folder&amp;#34;, &amp;#34;authors&amp;#34; : &amp;#34;Ruman Gerst&amp;#34;, &amp;#34;website&amp;#34; : &amp;#34;&amp;#34;, &amp;#34;license&amp;#34; : &amp;#34;BSD-2&amp;#34;, &amp;#34;citation&amp;#34; : &amp;#34;&amp;#34; }, &amp;#34;category&amp;#34; : &amp;#34;Converter&amp;#34;, &amp;#34;parameter-visibilities&amp;#34; : { &amp;#34;visible-keys&amp;#34; : [ ] }, &amp;#34;graph&amp;#34; : { &amp;#34;nodes&amp;#34; : { &amp;#34;default-preprocessing-filter-files&amp;#34; : { &amp;#34;jipipe:slot-configuration&amp;#34; : { &amp;#34;Files&amp;#34; : { &amp;#34;slot-data-type&amp;#34; : &amp;#34;file&amp;#34;, &amp;#34;slot-type&amp;#34; : &amp;#34;Input&amp;#34;, &amp;#34;inherited-slot&amp;#34; : null, &amp;#34;name&amp;#34; : &amp;#34;Files&amp;#34;, &amp;#34;custom-name&amp;#34; : null, &amp;#34;inheritance-conversions&amp;#34; : { } }, &amp;#34;Filtered files&amp;#34; : { &amp;#34;slot-data-type&amp;#34; : &amp;#34;file&amp;#34;, &amp;#34;slot-type&amp;#34; : &amp;#34;Output&amp;#34;, &amp;#34;inherited-slot&amp;#34; : null, &amp;#34;name&amp;#34; : &amp;#34;Filtered files&amp;#34;, &amp;#34;custom-name&amp;#34; : null, &amp;#34;inheritance-conversions&amp;#34; : { } } }, &amp;#34;jipipe:algorithm-ui-location&amp;#34; : { &amp;#34;{Vertical}&amp;#34; : { &amp;#34;x&amp;#34; : 25, &amp;#34;y&amp;#34; : 250 } }, &amp;#34;jipipe:algorithm-type&amp;#34; : &amp;#34;file-filter&amp;#34;, &amp;#34;jipipe:algorithm-compartment&amp;#34; : &amp;#34;DEFAULT&amp;#34;, &amp;#34;name&amp;#34; : &amp;#34;Filter *.</description>
    </item>
    
    <item>
      <title>Dependency</title>
      <link>/documentation-json-api/dependency.html</link>
      <pubDate>Mon, 01 Jan 0001 00:00:00 +0000</pubDate>
      
      <guid>/documentation-json-api/dependency.html</guid>
      <description>This document describes the properties of the JSON API object. You also can access the document in JSON Schema format: dependency.schema.json
 Project or extension dependency. Refers to a JIPipe extension.   metadata:  See metadata         id:  string       Unique ID of this dependency should have format  .  :       version:  string       Version of this dependency      Example { &amp;#34;metadata&amp;#34; : { &amp;#34;name&amp;#34; : &amp;#34;Filesystem types and algorithms&amp;#34;, &amp;#34;description&amp;#34; : &amp;#34;Data types and algorithms for interacting with files and folders&amp;#34;, &amp;#34;authors&amp;#34; : &amp;#34;Zoltán Cseresnyés, Ruman Gerst&amp;#34;, &amp;#34;website&amp;#34; : &amp;#34;https://applied-systems-biology.</description>
    </item>
    
    <item>
      <title>Graph Edge</title>
      <link>/documentation-json-api/graph-edge.html</link>
      <pubDate>Mon, 01 Jan 0001 00:00:00 +0000</pubDate>
      
      <guid>/documentation-json-api/graph-edge.html</guid>
      <description>This document describes the properties of the JSON API object. You also can access the document in JSON Schema format: graph-edge.schema.json
 Edge in a graph   source-node:  string       Algorithm ID of the edge source   target-node:  string       Algorithm ID of the edge target   source-slot:  string       Slot name within the edge source algorithm   target-slot:  string       Slot name within the edge target algorithm      Example { &amp;#34;source-node&amp;#34; : &amp;#34;default-preprocessing-list-files&amp;#34;, &amp;#34;target-node&amp;#34; : &amp;#34;default-preprocessing-filter-files&amp;#34;, &amp;#34;source-slot&amp;#34; : &amp;#34;Files&amp;#34;, &amp;#34;target-slot&amp;#34; : &amp;#34;Files&amp;#34; } </description>
    </item>
    
    <item>
      <title>Graph</title>
      <link>/documentation-json-api/graph.html</link>
      <pubDate>Mon, 01 Jan 0001 00:00:00 +0000</pubDate>
      
      <guid>/documentation-json-api/graph.html</guid>
      <description>This document describes the properties of the JSON API object. You also can access the document in JSON Schema format: graph.schema.json
 A graph   nodes:  object   [object Object]      The nodes. Keys are the unique algorithm instance IDs. See graph-node        edges:  object[]       The edges. IDs in the edge definition must be consistent to the IDs in the &#39;nodes&#39; entry See graph-edge           Example { &amp;#34;nodes&amp;#34; : { &amp;#34;default-preprocessing-filter-files&amp;#34; : { &amp;#34;jipipe:slot-configuration&amp;#34; : { &amp;#34;Files&amp;#34; : { &amp;#34;slot-data-type&amp;#34; : &amp;#34;file&amp;#34;, &amp;#34;slot-type&amp;#34; : &amp;#34;Input&amp;#34;, &amp;#34;inherited-slot&amp;#34; : null, &amp;#34;name&amp;#34; : &amp;#34;Files&amp;#34;, &amp;#34;custom-name&amp;#34; : null, &amp;#34;inheritance-conversions&amp;#34; : { } }, &amp;#34;Filtered files&amp;#34; : { &amp;#34;slot-data-type&amp;#34; : &amp;#34;file&amp;#34;, &amp;#34;slot-type&amp;#34; : &amp;#34;Output&amp;#34;, &amp;#34;inherited-slot&amp;#34; : null, &amp;#34;name&amp;#34; : &amp;#34;Filtered files&amp;#34;, &amp;#34;custom-name&amp;#34; : null, &amp;#34;inheritance-conversions&amp;#34; : { } } }, &amp;#34;jipipe:algorithm-ui-location&amp;#34; : { &amp;#34;{Vertical}&amp;#34; : { &amp;#34;x&amp;#34; : 25, &amp;#34;y&amp;#34; : 250 } }, &amp;#34;jipipe:algorithm-type&amp;#34; : &amp;#34;file-filter&amp;#34;, &amp;#34;jipipe:algorithm-compartment&amp;#34; : &amp;#34;DEFAULT&amp;#34;, &amp;#34;name&amp;#34; : &amp;#34;Filter *.</description>
    </item>
    
    <item>
      <title>Extension</title>
      <link>/documentation-json-api/json-extension.html</link>
      <pubDate>Mon, 01 Jan 0001 00:00:00 +0000</pubDate>
      
      <guid>/documentation-json-api/json-extension.html</guid>
      <description>This document describes the properties of the JSON API object. You also can access the document in JSON Schema format: json-extension.schema.json
 An extension that can be put into the ImageJ plugin folder   id:  string       Unique ID of this extension. Should have format  .  :       version:  string       Version of this extension   metadata:  See metadata        General metadata about the extension   algorithms:  object[]       List of added algorithms See algorithm           Example { &amp;#34;id&amp;#34; : &amp;#34;org.</description>
    </item>
    
    <item>
      <title>Metadata</title>
      <link>/documentation-json-api/metadata.html</link>
      <pubDate>Mon, 01 Jan 0001 00:00:00 +0000</pubDate>
      
      <guid>/documentation-json-api/metadata.html</guid>
      <description>This document describes the properties of the JSON API object. You also can access the document in JSON Schema format: metadata.schema.json
 Commonly used metadata type in JIPipe.   name:  string       A name   description:  string       A description   authors:  string       Comma-separated list of authors   website:  string       Website of the project   license:  string       Name of the license   citation:  string       Citation for the publication      Example { &amp;#34;name&amp;#34; : &amp;#34;Image property annotations&amp;#34;, &amp;#34;description&amp;#34; : &amp;#34;Commonly used annotations for describing image properties&amp;#34;, &amp;#34;authors&amp;#34; : &amp;#34;Zoltán Cseresnyés, Ruman Gerst&amp;#34;, &amp;#34;website&amp;#34; : &amp;#34;https://applied-systems-biology.</description>
    </item>
    
    <item>
      <title>Point</title>
      <link>/documentation-json-api/point.html</link>
      <pubDate>Mon, 01 Jan 0001 00:00:00 +0000</pubDate>
      
      <guid>/documentation-json-api/point.html</guid>
      <description>This document describes the properties of the JSON API object. You also can access the document in JSON Schema format: point.schema.json
 A point   x:  integer       X coordinate   y:  integer       Y coordinate      Example { &amp;#34;x&amp;#34; : 2900, &amp;#34;y&amp;#34; : 100 } </description>
    </item>
    
    <item>
      <title>Project</title>
      <link>/documentation-json-api/project.html</link>
      <pubDate>Mon, 01 Jan 0001 00:00:00 +0000</pubDate>
      
      <guid>/documentation-json-api/project.html</guid>
      <description>This document describes the properties of the JSON API object. You also can access the document in JSON Schema format: project.schema.json
 An analysis project   jipipe:project-type:  string  , x ∈ { project  (default) }       Used to identify this JSON as JIPipe project   metadata:  See metadata    [object Object]      General information about the project   dependencies:  object[]       Dependencies of this project See dependency        graph:  See graph    [object Object]      Contains the pipeline nodes   compartments:  object   [object Object]      For organization of compartments  compartment-graph:  See graph    [object Object]      Structural graph of compartments          Example { &amp;#34;jipipe:project-type&amp;#34; : &amp;#34;project&amp;#34;, &amp;#34;metadata&amp;#34; : { &amp;#34;name&amp;#34; : &amp;#34;Empty (3 compartments)&amp;#34;, &amp;#34;description&amp;#34; : &amp;#34;This template contains three compartments &amp;#39;Preprocessing&amp;#39;, &amp;#39;Analysis&amp;#39;, and &amp;#39;Postprocessing&amp;#39; that are connected to each other.</description>
    </item>
    
    <item>
      <title>Slot definition</title>
      <link>/documentation-json-api/slot-definition.html</link>
      <pubDate>Mon, 01 Jan 0001 00:00:00 +0000</pubDate>
      
      <guid>/documentation-json-api/slot-definition.html</guid>
      <description>This document describes the properties of the JSON API object. You also can access the document in JSON Schema format: slot-definition.schema.json
 Defines a data slot   slot-data-type:  string       The data type ID of the data stored in this slot   slot-type:  string  , x ∈ { Input  , Output  }       Determines if the slot is an input or an output   inherited-slot:  object      Only valid for output slot.</description>
    </item>
    
  </channel>
</rss>