<?xml version="1.0" encoding="utf-8" standalone="yes"?>
<rss version="2.0" xmlns:atom="http://www.w3.org/2005/Atom">
  <channel>
    <title>Frequently asked questions on JIPipe for ImageJ</title>
    <link>/faq.html</link>
    <description>Recent content in Frequently asked questions on JIPipe for ImageJ</description>
    <generator>Hugo -- gohugo.io</generator>
    <language>en-us</language>
    
	<atom:link href="/faq/index.xml" rel="self" type="application/rss+xml" />
    
    
  </channel>
</rss>