{
  "$schema": "http://json-schema.org/draft-07/schema",
  "$id": "https://applied-systems-biology.github.io/jipipe/schemas/graph-node.schema.json",
  "type": "object",
  "title": "Algorithm node",
  "description": "Node in a graph",
  "required": [
    "jipipe:slot-configuration",
    "jipipe:node-info-id",
    "jipipe:graph-compartment",
    "name",
    "description"
  ],
  "properties": {
    "jipipe:slot-configuration": {
      "$id": "#/properties/jipipe:slot-configuration",
      "type": "object",
      "title": "Slots",
      "description": "User-defined slots. Might be ignored depending on the algorithm. The keys are the slot names.",
      "default": {},
      "examples": [
        {}
      ],
      "additionalProperties": {
        "$ref": "https://applied-systems-biology.github.io/jipipe/schemas/slot-definition.schema.json"
      }
    },
    "jipipe:node-ui-location": {
      "$id": "#/properties/jipipe:node-ui-location",
      "type": "object",
      "title": "UI locations",
      "description": "Locations of this node within the UI. Optional. The keys depend on the UI implementation.",
      "default": {},
      "examples": [
        {}
      ],
      "additionalProperties": {
        "$ref": "https://applied-systems-biology.github.io/jipipe/schemas/point.schema.json"
      }
    },
    "jipipe:node-info-id": {
      "$id": "#/properties/jipipe:node-info-id",
      "type": "string",
      "title": "Algorithm ID",
      "description": "Algorithm type ID",
      "default": "",
      "examples": [
        "imagej-imgplus-2d-greyscale-from-file"
      ]
    },
    "jipipe:graph-compartment": {
      "$id": "#/properties/jipipe:graph-compartment",
      "type": "string",
      "title": "Graph compartment",
      "description": "Compartment ID. Only important for the UI.",
      "default": "DEFAULT",
      "examples": [
        "default-preprocessing"
      ]
    },
    "name": {
      "$id": "#/properties/name",
      "type": "string",
      "title": "Name",
      "description": "A custom name for this algorithm. Only important for the UI. If null or empty, the UI will default to the algorithm type name.",
      "default": "",
      "examples": [
        "Import 2D image (greyscale)"
      ]
    },
    "description": {
      "$id": "#/properties/description",
      "title": "Description",
      "description": "A custom description. Only important for the UI.",
      "default": null,
      "examples": [
        null
      ]
    }
  }
}
